owner,lptoken,lpratio,amount1,amount2,token1,token2
pq2ketd4cdxr,818117263030,0.002480856711726614,778128150,9491692981569,0.0778 EOS,0.0009491692 DMD
reimon123eos,6354860040,1.927046145430028e-05,6044238,73728282198,0.0006 EOS,0.0000073728 DMD
saundersca21,14450694170,4.3820248319877516e-05,13744352,167655125530,0.0013 EOS,0.0000167655 DMD
senoisierors,142574940120,0.000432343886511721,135605957,1654136417403,0.0135 EOS,0.0001654136 DMD
comefromhere,3388491957340,0.010275254410186346,3222864371,39312854994003,0.3222 EOS,0.0039312854 DMD
fuyongquan11,491836462,1.4914436389051338e-06,467795,5706224407,0.0000 EOS,0.0000005706 DMD
icemjsicemjs,238968986866,0.0007246489491803887,227288316,2772487952458,0.0227 EOS,0.0002772487 DMD
longshao5555,2289683955942,0.006943231815929984,2177765488,26564623577476,0.2177 EOS,0.0026564623 DMD
nvshennvshen,216662416320,0.0006570065612790617,206072078,2513689943099,0.0206 EOS,0.0002513689 DMD
qypmsm2i5n3g,480198592424,0.0014561529927441081,456726754,5571203316978,0.0456 EOS,0.0005571203 DMD
richssunssuk,91462564984,0.00027735084989151176,86991926,1061137107558,0.0086 EOS,0.0001061137 DMD
shimrise5555,2947837498526,0.008939014947823499,2803748855,34200437712241,0.2803 EOS,0.0034200437 DMD
codysincomas,41015088722,0.0001243740509290598,39010294,475851870328,0.0039 EOS,0.0000475851 DMD
hechunspring,10576782752,3.207300916936072e-05,10059795,122710495367,0.0010 EOS,0.0000122710 DMD
jzs333333333,1771940712,5.3732285172249665e-06,1685329,20557831963,0.0001 EOS,0.0000020557 DMD
manjoorelahi,222527586,6.74792086928714e-07,211650,2581736899,0.0000 EOS,0.0000002581 DMD
triplimonkey,221893184176,0.0006728683284479639,211047169,2574376649994,0.0211 EOS,0.0002574376 DMD
zengfmeosqb1,332652015674,0.0010087331279354358,316392171,3859386600380,0.0316 EOS,0.0003859386 DMD
eossuneossun,1433053126960,0.004345586664572264,1363006294,16626101076275,0.1363 EOS,0.0016626101 DMD
gy3tknbwgene,5148283477500,0.01561164174891486,4896638269,59729733570877,0.4896 EOS,0.0059729733 DMD
liujinzhoutp,28537625846,8.653742417631379e-05,27142722,331089924627,0.0027 EOS,0.0000331089 DMD
shikongdeeos,438563695946,0.0013298994383490561,417126948,5088160515480,0.0417 EOS,0.0005088160 DMD
ivanchen5555,586883092714,0.0017796628006186072,558196576,6808943392154,0.0558 EOS,0.0006808943 DMD
iwuxgfm3kw2s,276171112894,0.0008374605817148788,262672023,3204102312008,0.0262 EOS,0.0003204102 DMD
nguyenquyhoa,266111622,8.069562070626383e-07,253104,3087393371,0.0000 EOS,0.0000003087 DMD
tencentqq135,60454564644,0.00018332226837032063,57499579,701386210590,0.0057 EOS,0.0000701386 DMD
adaloveyyy33,46406700066,0.00014072355948269275,44138366,538404663022,0.0044 EOS,0.0000538404 DMD
dujiajiyi115,109502394682,0.0003320547836759371,104149979,1270432929405,0.0104 EOS,0.0001270432 DMD
eoskingdom12,65764407276,0.00019942382168924413,62549879,762990333032,0.0062 EOS,0.0000762990 DMD
gyztimzshage,16263639144,4.931781805710723e-05,15468681,188688683754,0.0015 EOS,0.0000188688 DMD
whowhatwhere,4962220778,1.5047425691247316e-05,4719670,57571057671,0.0004 EOS,0.0000057571 DMD
wishmaster11,1051625575568,0.0031889467259359956,1000222707,12200826881331,0.1000 EOS,0.0012200826 DMD
lovepeace.tp,140960638619,0.0004274486827377855,134070561,1635407495622,0.0134 EOS,0.0001635407 DMD
mykeyabcdefg,427773826014,0.001297180264155958,406864481,4962977809609,0.0406 EOS,0.0004962977 DMD
christopherq,33384377146,0.00010123470051557834,31752567,387321320023,0.0031 EOS,0.0000387321 DMD
easytoeosshk,1080985948467,0.003277979046187389,1028147961,12541462213178,0.1028 EOS,0.0012541462 DMD
eoschen44444,18388232018,5.5760428095218794e-05,17489425,213337941485,0.0017 EOS,0.0000213337 DMD
ge3doobshage,594931527356,0.0018040688533970909,565851608,6902320312622,0.0565 EOS,0.0006902320 DMD
pra1xwjkzb2w,9804850040,2.973220237294393e-05,9325594,113754629703,0.0009 EOS,0.0000113754 DMD
ruansihua111,256083491910,0.0007765469308328421,243566274,2971048274737,0.0243 EOS,0.0002971048 DMD
vadimon55555,649538700,1.9696595051094645e-06,617789,7535865821,0.0000 EOS,0.0000007535 DMD
zhangweix123,27811508138,8.433554668173109e-05,26452097,322665598844,0.0026 EOS,0.0000322665 DMD
15zso15zsoso,5147527962,1.560935072563044e-05,4895919,59720968175,0.0004 EOS,0.0000059720 DMD
chizhenhong1,3904973676,1.1841432262828446e-05,3714100,45305010551,0.0003 EOS,0.0000045305 DMD
kingandsword,94804021386,0.0002874834738030788,90170054,1099904261989,0.0090 EOS,0.0001099904 DMD
liaishan1234,146275549456,0.00044356560486868605,139125682,1697070418737,0.0139 EOS,0.0001697070 DMD
zwmdeeos1.tp,33262345148,0.00010086465099460569,31636500,385905520221,0.0031 EOS,0.0000385905 DMD
qiaoqiao1111,72777152766,0.00022068925331216672,69219846,844351318989,0.0069 EOS,0.0000844351 DMD
xiaohangzhou,264617810794,0.0008024263777534117,251683440,3070062362709,0.0251 EOS,0.0003070062 DMD
etalecreator,97569918218,0.0002958707723355619,92800755,1131993847107,0.0092 EOS,0.0001131993 DMD
game215xxxxx,1594138064,4.834060218758944e-06,1516217,18494988136,0.0001 EOS,0.0000018494 DMD
guytknjtgqge,59479692964,0.00018036606996247513,56572358,690075872695,0.0056 EOS,0.0000690075 DMD
mykeytod1111,203314949972,0.0006165317382062148,193377029,2358834327184,0.0193 EOS,0.0002358834 DMD
zengfmeos123,129562089056,0.00039288374997669784,123229166,1503162965680,0.0123 EOS,0.0001503162 DMD
zhouyong3333,4756287797552,0.014422955044071213,4523803118,55181849285453,0.4523 EOS,0.0055181849 DMD
keyaren22222,17306090468,5.247894480587609e-05,16460178,200783072129,0.0016 EOS,0.0000200783 DMD
abcdxyz54321,982656905176,0.0029798063049074034,934625186,11400661093014,0.0934 EOS,0.0011400661 DMD
mr.zjohn1.tp,60701377862,0.0001840707041460802,57734328,704249706320,0.0057 EOS,0.0000704249 DMD
penpacn12345,117307273984,0.0003557222798596386,111573360,1360984151632,0.0111 EOS,0.0001360984 DMD
prae2srpywxr,662044128258,0.002007580934015601,629683782,7680952217537,0.0629 EOS,0.0007680952 DMD
uyhjhbnkmlpp,243749730990,0.0007391460655267016,231835380,2827953540949,0.0231 EOS,0.0002827953 DMD
wodehehuoren,47070474552,0.0001427363875491329,44769696,546105690631,0.0044 EOS,0.0000546105 DMD
zs1122334455,35834380257,0.00010866408373035662,34082815,415745946155,0.0034 EOS,0.0000415745 DMD
gi2dmobxguge,59881457044,0.00018158437833884063,56954485,694737088722,0.0056 EOS,0.0000694737 DMD
hehuanyangya,2198076013190,0.006665440122863812,2090635290,25501799815446,0.2090 EOS,0.0025501799 DMD
heytamjxgige,91662254426,0.00027795638764854656,87181854,1063453879200,0.0087 EOS,0.0001063453 DMD
liupinglylaa,67000111842,0.00020317096907850526,63725183,777326821071,0.0063 EOS,0.0000777326 DMD
zws112233445,24691105986,7.487324711674624e-05,23484218,286463087854,0.0023 EOS,0.0000286463 DMD
bolang222111,391561684130,0.001187370657026786,372422368,4542849120850,0.0372 EOS,0.0004542849 DMD
eoshexiang53,12271935045532,0.03721338468134086,11672089745,142377437814415,1.1672 EOS,0.0142377437 DMD
eossjg555555,1165661473946,0.0035347488947119663,1108684595,13523856947061,0.1108 EOS,0.0013523856 DMD
johnatboid11,30460993476,9.236983929530418e-05,28972077,353404592536,0.0028 EOS,0.0000353404 DMD
hl25um5nxdia,30602993054,9.280043845518369e-05,29107135,355052053674,0.0029 EOS,0.0000355052 DMD
liyiyi131415,57180955652,0.00017339538477261567,54385982,663406213225,0.0054 EOS,0.0000663406 DMD
mayunshilaji,288804235298,0.0008757692300252103,274687646,3350670199859,0.0274 EOS,0.0003350670 DMD
mingyuan5.tp,60423437908,0.00018322787973508545,57469974,701025082137,0.0057 EOS,0.0000701025 DMD
aseasyasabcd,1827870393974,0.005542829542872613,1738525114,21206721057865,0.1738 EOS,0.0021206721 DMD
biehuaigang1,2817399690,8.543475668348874e-06,2679686,32687114760,0.0002 EOS,0.0000032687 DMD
gy2dcnrtgyge,52622739832,0.00015957306269049286,50050569,610522369965,0.0050 EOS,0.0000610522 DMD
hazdqmjqgige,56433053106,0.00017112744699057978,53674637,654729142508,0.0053 EOS,0.0000654729 DMD
qyl121212111,276726457892,0.000839144608477142,263200223,3210545354415,0.0263 EOS,0.0003210545 DMD
cauambon1234,105248640,3.1915570877585e-07,100104,1221081405,0.0000 EOS,0.0000001221 DMD
33qmwwghf2xx,3670453557144,0.011130274049708701,3491043846,42584137802557,0.3491 EOS,0.0042584137 DMD
caiqimingeos,129488818592,0.0003926615648076519,123159477,1502312891026,0.0123 EOS,0.0001502312 DMD
hlh111111111,84118505574,0.000255080742778579,80006840,975932259416,0.0080 EOS,0.0000975932 DMD
lixiandeid11,22672189788,6.875109076269042e-05,21563985,263039877548,0.0021 EOS,0.0000263039 DMD
angcheewei33,107339690368,0.00032549660460391054,102092986,1245341507568,0.0102 EOS,0.0001245341 DMD
gm3tsobqgmge,28428271952,8.6205819705729e-05,27038713,329821214584,0.0027 EOS,0.0000329821 DMD
prayouhang11,230292756,6.983391687258276e-07,219036,2671827419,0.0000 EOS,0.0000002671 DMD
sunlaoshieos,152191980028,0.00046150657391712,144752921,1765712097716,0.0144 EOS,0.0001765712 DMD
oolongtea111,155583539906,0.0004717911314821282,147978703,1805060546338,0.0147 EOS,0.0001805060 DMD
praprab1a3r5,6955706134,2.1092465624575267e-05,6615715,80699222565,0.0006 EOS,0.0000080699 DMD
wangwenbo123,1781830444,5.403218115437952e-06,1694735,20672571383,0.0001 EOS,0.0000020672 DMD
xjdi5xoxybay,40239950282,0.00012202352309119316,38273044,466858812214,0.0038 EOS,0.0000466858 DMD
aimaodeyu111,213419835698,0.000647173768031783,202987993,2476069932957,0.0202 EOS,0.0002476069 DMD
beiyongjin11,30267682028,9.178364215108525e-05,28788214,351161817573,0.0028 EOS,0.0000351161 DMD
gy2tsnzxgmge,30031635220,9.106785440968055e-05,28563705,348423232370,0.0028 EOS,0.0000348423 DMD
luck.tp,283730613948,0.0008603839935222063,269862020,3291806686846,0.0269 EOS,0.0003291806 DMD
ziqiyunge.tp,50301294334,0.0001525335172550488,47842595,583589252994,0.0047 EOS,0.0000583589 DMD
mouthgeneral,1999876877838,0.006064421567925447,1902124018,23202318522255,0.1902 EOS,0.0023202318 DMD
mykey1231122,27134780214,8.228343864278038e-05,25808447,314814287086,0.0025 EOS,0.0000314814 DMD
primenumber2,251259658452,0.0007619191504994844,238978227,2915082769244,0.0238 EOS,0.0002915082 DMD
beosssssssss,5832669379126,0.01768697181977986,5547571772,67669892216460,0.5547 EOS,0.0067669892 DMD
eeretpahduna,19905776704,6.036222674895299e-05,18932793,230944302940,0.0018 EOS,0.0000230944 DMD
hqrfbv2bwmxn,739372007386,0.0022420697983964624,703231918,8578100488043,0.0703 EOS,0.0008578100 DMD
intermilan32,711429532458,0.0021573371083531776,676655256,8253915429071,0.0676 EOS,0.0008253915 DMD
chanceliu.tp,90844063270,0.0002754753068639653,86403656,1053961328921,0.0086 EOS,0.0001053961 DMD
eos4simonlao,147407164126,0.0004469971103215356,140201984,1710199268972,0.0140 EOS,0.0001710199 DMD
moonlight2go,176481657240,0.000535162529438564,167855332,2047517859721,0.0167 EOS,0.0002047517 DMD
tanduoroueos,120527078616,0.000365486007252655,114635782,1398339917619,0.0114 EOS,0.0001398339 DMD
initialch123,26418881800,8.011255010938293e-05,25127541,306508524258,0.0025 EOS,0.0000306508 DMD
jingege11eos,193929517478,0.0005880713765351237,184450351,2249945726787,0.0184 EOS,0.0002249945 DMD
eosxuhaoxian,23439141651,7.107679364524285e-05,22293449,271937956031,0.0022 EOS,0.0000271937 DMD
12345vv1234v,279607382632,0.0008478807173458607,265940330,3243969478768,0.0265 EOS,0.0003243969 DMD
1coin1beauty,287380086606,0.000871450645146608,273333109,3334147406911,0.0273 EOS,0.0003334147 DMD
beesmile2.tp,179017672730,0.0005428527363730905,170267389,2076940390592,0.0170 EOS,0.0002076940 DMD
fqxa12345fqx,4758045272,1.4428284405126204e-05,4525474,55202239281,0.0004 EOS,0.0000055202 DMD
kekekekeke44,71916718080,0.00021808007335444323,68401469,834368664620,0.0068 EOS,0.0000834368 DMD
kidzhang1.tp,190298142728,0.000577059604961002,180996476,2207814976360,0.0180 EOS,0.0002207814 DMD
konglong1314,277740266712,0.0008422188797694867,264164478,3222307436083,0.0264 EOS,0.0003222307 DMD
mykey4444444,513609174,1.5574671555067018e-06,488504,5958828657,0.0000 EOS,0.0000005958 DMD
cacithermini,29842018929,9.049286245016874e-05,28383357,346223328151,0.0028 EOS,0.0000346223 DMD
chenqiji1234,62277414428,0.00018884987342825227,59233329,722534683166,0.0059 EOS,0.0000722534 DMD
dappdapp5555,461496249766,0.0013994400563414828,438938571,5354221103587,0.0438 EOS,0.0005354221 DMD
g44dgmzygege,85542341218,0.00025939837837122073,81361079,992451420422,0.0081 EOS,0.0000992451 DMD
zhw12345key1,6668016458,2.0220076181336148e-05,6342087,77361483341,0.0006 EOS,0.0000077361 DMD
213213333333,96342262432,0.000292148032046342,91633106,1117750739994,0.0091 EOS,0.0001117750 DMD
2szwxpmruaoz,323488888904,0.000980946885577508,307676933,3753077162867,0.0307 EOS,0.0003753077 DMD
eoskywallets,4928283679428,0.014944514919682548,4687391938,57177323746920,0.4687 EOS,0.0057177323 DMD
littleteapot,172918783280,0.0005243584794861578,164466610,2006181846794,0.0164 EOS,0.0002006181 DMD
jianjiandeos,30149114,9.142409676394775e-08,28675,349786206,0.0000 EOS,0.0000000349 DMD
gyztimztg4ge,119856305066,0.0003634519552423075,113997796,1390557687755,0.0113 EOS,0.0001390557 DMD
wenyouqiyuan,1496566916566,0.004538185718951904,1423415565,17362980027837,0.1423 EOS,0.0017362980 DMD
wuxiqi111123,123653608450,0.00037496688838498235,117609489,1434613521200,0.0117 EOS,0.0001434613 DMD
ziruiwu12345,431795158052,0.0013093745412203544,410689252,5009632795155,0.0410 EOS,0.0005009632 DMD
xiaojie32145,82290663536,0.00024953799922228996,78268342,954725867341,0.0078 EOS,0.0000954725 DMD
depurantsave,803525893274,0.002436609879116837,764249998,9322405755687,0.0764 EOS,0.0009322405 DMD
dfoxadmin.tp,283803142,8.606039274029879e-07,269931,3292648148,0.0000 EOS,0.0000003292 DMD
gaingaingain,4588776054,1.3914992858131167e-05,4364479,53238399229,0.0004 EOS,0.0000053238 DMD
uirbnrjyc2v2,150324363662,0.0004558432187895658,142976593,1744044248919,0.0142 EOS,0.0001744044 DMD
hxldj5521hxl,7233309346,2.1934268899983982e-05,6879749,83919939910,0.0006 EOS,0.0000083919 DMD
jamiedornan4,148884004684,0.00045147547788084477,141606638,1727333386284,0.0141 EOS,0.0001727333 DMD
leon33512111,2512824808,7.61988356929628e-06,2389999,29153475512,0.0002 EOS,0.0000029153 DMD
richrichrich,1384746160914,0.0041991007433554006,1317060545,16065649767765,0.1317 EOS,0.0016065649 DMD
dingweneos33,127781609888,0.00038748462946717224,121535716,1482506071630,0.0121 EOS,0.0001482506 DMD
eosworld1115,16750824595142,0.05079515798249256,15932053686,194340947722285,1.5932 EOS,0.0194340947 DMD
gu4tmmzvhage,680534921550,0.002063652368657759,647270756,7895480061948,0.0647 EOS,0.0007895480 DMD
ha3tinjyhege,51741371138,0.00015690040250004845,49212281,600296841883,0.0049 EOS,0.0000600296 DMD
malakatalaka,412402686,1.2505688581951683e-06,392244,4784643787,0.0000 EOS,0.0000004784 DMD
rosskeeley15,7772587658,2.3569575084404076e-05,7392667,90176578659,0.0007 EOS,0.0000090176 DMD
seraphim3eos,500332087864,0.0015172057532100726,475876136,5804789583884,0.0475 EOS,0.0005804789 DMD
twinkle13.tp,10329409033926,0.03132287373459952,9824513315,119840496786438,0.9824 EOS,0.0119840496 DMD
cj12345cjcww,47196759264,0.00014311933298924418,44889808,547570829882,0.0044 EOS,0.0000547570 DMD
guan12335511,109830038186,0.00033304832900578574,104461607,1274234207886,0.0104 EOS,0.0001274234 DMD
haztcojvgyge,312227460266,0.0009467977579613264,296965957,3622423492549,0.0296 EOS,0.0003622423 DMD
kangsunghwab,2404987876784,0.0072928791328070765,2287433418,27902365079409,0.2287 EOS,0.0027902365 DMD
yuyong521521,5587473846,1.6943441507525936e-05,5314361,64825164662,0.0005 EOS,0.0000064825 DMD
budakangon12,69459984,2.1063027916635505e-07,66064,805865946,0.0000 EOS,0.0000000805 DMD
ha3tiobxgmge,131156826650,0.000397719628208707,124745954,1521664909487,0.0124 EOS,0.0001521664 DMD
mysteorrrrrr,746475162,2.2636093864175108e-06,709987,8660510389,0.0000 EOS,0.0000008660 DMD
neoworldlove,50429311580,0.00015292171642686386,47964355,585074492886,0.0047 EOS,0.0000585074 DMD
officialtako,4226866,1.281753772904374e-08,4020,49039564,0.0000 EOS,0.0000000049 DMD
biquandakaig,27443588424,8.321986787491442e-05,26102161,318397040869,0.0026 EOS,0.0000318397 DMD
defiwallet11,338483246212,0.0010264157366170377,321938375,3927039799344,0.0321 EOS,0.0003927039 DMD
dou1mmy3ml14,487543364021,0.0014784252594910918,463712517,5656416427823,0.0463 EOS,0.0005656416 DMD
eosstewfe123,2743080230872,0.008318109529139526,2609000008,31824869797785,0.2609 EOS,0.0031824869 DMD
pwztp3y3vpjh,90814510390,0.0002753856907856695,86375548,1053618460147,0.0086 EOS,0.0001053618 DMD
abo.game,42931499650,0.00013018537056256411,40833032,498085827460,0.0040 EOS,0.0000498085 DMD
daebaknaja11,11542173324734,0.03500045709159937,10977998368,133910834655520,1.0977 EOS,0.0133910834 DMD
gu4domjzhage,571798654408,0.0017339207881894015,543849456,6633935647335,0.0543 EOS,0.0006633935 DMD
jennifer1314,57105821260,0.00017316754743303386,54314520,662534513515,0.0054 EOS,0.0000662534 DMD
gy4tomzqgage,4805040526,1.457079269406439e-05,4570172,55747472272,0.0004 EOS,0.0000055747 DMD
malingyun321,2390479017434,0.007248882504543011,2273633744,27734035128819,0.2273 EOS,0.0027734035 DMD
4iwsoqf2fwg3,42539552784,0.00012899683188101246,40460243,493538509508,0.0040 EOS,0.0000493538 DMD
caixin555555,633715815122,0.0019216782291697778,602740141,7352290712489,0.0602 EOS,0.0007352290 DMD
eossalmon.tp,13388228644,4.059843055576735e-05,12733819,155328534915,0.0012 EOS,0.0000155328 DMD
ge4danzvguge,91978725850,0.00027891605479136213,87482857,1067125540623,0.0087 EOS,0.0001067125 DMD
jiangnandizh,8005735153280,0.024276570957276186,7614419310,92881526402781,0.7614 EOS,0.0092881526 DMD
scat1terina3,55665277756,0.00016879924696813886,52944390,645821510032,0.0052 EOS,0.0000645821 DMD
successgr111,77797161774,0.00023591191588537804,73994480,902592828394,0.0073 EOS,0.0000902592 DMD
taojunjim123,1311549468542,0.003977139279206947,1247441666,15216431003344,0.1247 EOS,0.0015216431 DMD
eoslihaidong,280626710,8.509717230691524e-07,266909,3255795585,0.0000 EOS,0.0000003255 DMD
gm2tsmrqguge,1758170346524,0.005331471295909848,1672231966,20398069925452,0.1672 EOS,0.0020398069 DMD
gu3tanjugege,7937918646,2.4070924352743804e-05,7549917,92094727865,0.0007 EOS,0.0000092094 DMD
ivan22223333,21151001960,6.413824465440307e-05,20117152,245391248820,0.0020 EOS,0.0000245391 DMD
zhanglaoda15,25889162940,7.85062319829422e-05,24623715,300362793062,0.0024 EOS,0.0000300362 DMD
u.sb,4559613002766,0.013826558895595843,4336741677,52900053198657,0.4336 EOS,0.0052900053 DMD
whs333222111,7537686543932,0.02285726154237057,7169248654,87451285652295,0.7169 EOS,0.0087451285 DMD
wxinyx121314,169647257206,0.0005144379121237088,161354994,1968226015181,0.0161 EOS,0.0001968226 DMD
zailushang55,46747607184,0.00014175732536196703,44462610,542359824275,0.0044 EOS,0.0000542359 DMD
chaoyongwang,4695455058,1.4238485999069822e-05,4465943,54476075537,0.0004 EOS,0.0000054476 DMD
ge2dqojzgage,277584345114,0.0008417460635114983,264016178,3220498453429,0.0264 EOS,0.0003220498 DMD
heydenjugmge,809201088052,0.0024538193253558914,769647792,9388248647504,0.0769 EOS,0.0009388248 DMD
superw4lox11,2403431518444,0.0072881596357274765,2285953134,27884308406851,0.2285 EOS,0.0027884308 DMD
moondogs1431,4126765312,1.2513992656845274e-05,3925051,47878209052,0.0003 EOS,0.0000047878 DMD
ojvqzjwmmxsu,19995663256,6.063479850107233e-05,19018286,231987155344,0.0019 EOS,0.0000231987 DMD
andy44444444,79536340,2.4118579552322e-07,75648,922770554,0.0000 EOS,0.0000000922 DMD
maojianhua11,7723312943280,0.02342015456456468,7345801739,89604899653007,0.7345 EOS,0.0089604899 DMD
mhchm5fen.tp,531894158752,0.0016129144968545822,505895470,6170968737251,0.0505 EOS,0.0006170968 DMD
mosstheboss1,328383136622,0.0009957881899341522,312331953,3809859605696,0.0312 EOS,0.0003809859 DMD
tsni24nikqfp,3132479258076,0.009498922150793536,2979365429,36342628046588,0.2979 EOS,0.0036342628 DMD
g44dsmzygege,1545760428804,0.004687360000591005,1470204526,17933716933105,0.1470 EOS,0.0017933716 DMD
g44tkobrgege,910726499862,0.0027616847264193218,866210699,10566133630836,0.0866 EOS,0.0010566133 DMD
gyztemzwgage,527558377896,0.0015997666859926703,501771620,6120665556301,0.0501 EOS,0.0006120665 DMD
haydqmbygmge,5657033566812,0.017154374228347834,5380520939,65632187742558,0.5380 EOS,0.0065632187 DMD
f34knrhfnrqe,366576374054,0.001111605266174323,348658326,4252972714365,0.0348 EOS,0.0004252972 DMD
eoswanglawhu,5515281818,1.6724526585068926e-05,5245697,63987601886,0.0005 EOS,0.0000063987 DMD
imntplaydefi,76538389304,0.00023209481744258223,72797235,887988709450,0.0072 EOS,0.0000887988 DMD
liuhuasheng1,41450505462,0.00012569440754618637,39424428,480903520259,0.0039 EOS,0.0000480903 DMD
lzyd12345543,1180625675972,0.0035801263029509047,1122917355,13697469725771,0.1122 EOS,0.0013697469 DMD
43xc15etk3do,57829867538,0.00017536314352854262,55003176,670934806830,0.0055 EOS,0.0000670934 DMD
cheungboneos,25774491160,7.815850156834978e-05,24514648,299032385578,0.0024 EOS,0.0000299032 DMD
empressofeos,5765054632,1.7481937032226328e-05,5483261,66885434474,0.0005 EOS,0.0000066885 DMD
enjhwbyayqxc,2416984557526,0.007329257837037084,2298843708,28041549051618,0.2298 EOS,0.0028041549 DMD
xiaoxigua123,482338629478,0.0014626424356744487,458762187,5596031756132,0.0458 EOS,0.0005596031 DMD
yangyangdeqb,6358366945860,0.019281095786728313,6047573536,73768968877081,0.6047 EOS,0.0073768968 DMD
eospluser.tp,98325375560,0.0002981616192618113,93519286,1140758567612,0.0093 EOS,0.0001140758 DMD
ethanforever,3117649153320,0.009453951378775758,2965260211,36170571047439,0.2965 EOS,0.0036170571 DMD
myaleonyuan1,74471923556,0.00022582847195380483,70831777,864013835281,0.0070 EOS,0.0000864013 DMD
we.bank,4106120561070,0.01245138956652919,3905415691,47638691263696,0.3905 EOS,0.0047638691 DMD
eosxuhongwei,101033260864,0.00030637300378404196,96094811,1172175110321,0.0096 EOS,0.0001172175 DMD
gekm25uonsti,21254862814,6.445319204443523e-05,20215937,246596229309,0.0020 EOS,0.0000246596 DMD
gyzdqojugmge,9785363520,2.9673111499159957e-05,9307060,113528549563,0.0009 EOS,0.0000113528 DMD
zengfantian1,28653000548,8.688728612979473e-05,27252457,332428487323,0.0027 EOS,0.0000332428 DMD
huimouyixiao,656804015632,0.0019916908297898713,624699803,7620157093803,0.0624 EOS,0.0007620157 DMD
liuyicn12345,4762366196,1.4441387164095694e-05,4529584,55252370095,0.0004 EOS,0.0000055252 DMD
pqouclkj4h2h,71580218764,0.00021705967368276511,68081417,830464642128,0.0068 EOS,0.0000830464 DMD
songchao1234,180648304580,0.0005477974602558811,171818316,2095858775017,0.0171 EOS,0.0002095858 DMD
a5wf2jdlqml1,1104474921226,0.003349206947558041,1050488806,12813978303420,0.1050 EOS,0.0012813978 DMD
chuckhriczko,465859222,1.41267032226902e-06,443088,5404839755,0.0000 EOS,0.0000005404 DMD
haydgnrwgege,13655656360,4.140937768293485e-05,12988175,158431197443,0.0012 EOS,0.0000158431 DMD
heztkmbygene,18720937422,5.6769323117778476e-05,17805868,217197947490,0.0017 EOS,0.0000217197 DMD
yangsbovip12,164393819936,0.0004985074022813363,156358342,1907276300613,0.0156 EOS,0.0001907276 DMD
haytgnzzhege,551850687296,0.0016734306233543242,524876535,6402501856619,0.0524 EOS,0.0006402501 DMD
hazdmojxgige,738220781982,0.0022385788254036107,702136964,8564744116553,0.0702 EOS,0.0008564744 DMD
keystarbucks,2537105414,7.693512017297481e-06,2413093,29435176031,0.0002 EOS,0.0000029435 DMD
nguyenduy123,301769766572,0.0009150858741491526,287019429,3501094653366,0.0287 EOS,0.0003501094 DMD
eosdengeos11,345341445074,0.0010472125214375098,328461348,4006607754876,0.0328 EOS,0.0004006607 DMD
eostuo.com,106223846568,0.00032211292269721664,101031684,1232395628972,0.0101 EOS,0.0001232395 DMD
eszhengzhike,73955030330,0.00022426104624734947,70340149,858016905468,0.0070 EOS,0.0000858016 DMD
goodboystudy,96764453612,0.00029342828350889587,92034661,1122648948651,0.0092 EOS,0.0001122648 DMD
seeman111.tp,19761728517,5.9925415392342004e-05,18795786,229273074099,0.0018 EOS,0.0000229273 DMD
sunshan33333,5410407866,1.640650707923318e-05,5145950,62770867563,0.0005 EOS,0.0000062770 DMD
excellentapp,11489392726336,0.03484040533899404,10927797655,133298480830444,1.0927 EOS,0.0133298480 DMD
gu2damjshage,580668157950,0.001760816648216067,552285424,6736838505304,0.0552 EOS,0.0006736838 DMD
gyzdgmjqgqge,158686912534,0.0004812017907617627,150930385,1841065482944,0.0150 EOS,0.0001841065 DMD
legopiass.tp,155994662398,0.00047303781828328737,148369730,1809830337477,0.0148 EOS,0.0001809830 DMD
jacloneoskey,1324710,4.017047241393868e-09,1259,15369117,0.0000 EOS,0.0000000015 DMD
lrhyccabcdef,38332704624,0.000116239996199172,36459023,444731189385,0.0036 EOS,0.0000444731 DMD
manuinfinito,129180317686,0.0003917260674433874,122866056,1498733702545,0.0122 EOS,0.0001498733 DMD
penghong1122,209684829136,0.0006358477436140086,199435552,2432736859359,0.0199 EOS,0.0002432736 DMD
ayilionervin,5866567986,1.778976586921732e-05,5579813,68063179564,0.0005 EOS,0.0000068063 DMD
eoskstop1111,1431106830,4.339684718611185e-06,1361155,16603520385,0.0001 EOS,0.0000016603 DMD
eosxhmxhm321,27322854570,8.28537548425122e-05,25987328,316996301970,0.0025 EOS,0.0000316996 DMD
infinitely.e,514098091490,0.0015589497476623236,488969265,5964501016347,0.0488 EOS,0.0005964501 DMD
zhourui12345,23968868350,7.268313554264729e-05,22797283,278083778175,0.0022 EOS,0.0000278083 DMD
richsingsing,2701133245642,0.008190909597605106,2569103368,31338206182069,0.2569 EOS,0.0031338206 DMD
3nyb2u5udxni,23261312378,7.053754460919442e-05,22124312,269874803304,0.0022 EOS,0.0000269874 DMD
epvroxmlf2nl,163627041170,0.0004961822242976873,155629043,1898380230379,0.0155 EOS,0.0001898380 DMD
geydmnrzgene,443849871862,0.0013459292247784563,422154739,5149490059676,0.0422 EOS,0.0005149490 DMD
jesstineseos,1467831944112,0.00445104986142243,1396085142,17029600512830,0.1396 EOS,0.0017029600 DMD
yonron555555,1998912,6.061495674818714e-09,1901,23191124,0.0000 EOS,0.0000000023 DMD
aaaaajackeos,1375914355962,0.0041723192004373575,1308660434,15963184284068,0.1308 EOS,0.0015963184 DMD
haydinjwgage,2966110436258,0.008994425757818511,2821128622,34412438024007,0.2821 EOS,0.0034412438 DMD
haytmmbzgage,21695139696,6.578828654382574e-05,20634693,251704265992,0.0020 EOS,0.0000251704 DMD
vrs5nhk2t4e4,155732410744,0.0004722425670333899,148120297,1806787726966,0.0148 EOS,0.0001806787 DMD
galaxysuming,434006577230,0.0013160804431223182,412792579,5035289400680,0.0412 EOS,0.0005035289 DMD
gothamdefigo,23582041542,7.151012291197824e-05,22429364,273595862488,0.0022 EOS,0.0000273595 DMD
ha3tcmjzgyge,3409904869186,0.01034018686971423,3243230632,39561284888185,0.3243 EOS,0.0039561284 DMD
he2dgnygenes,9112047330956,0.027631349196629566,8666655569,105716820323095,0.8666 EOS,0.0105716820 DMD
alphawallet1,405570659674,0.001229851438906427,385746593,4705379482766,0.0385 EOS,0.0004705379 DMD
luochunhi123,346135031088,0.0010496189896519472,329216144,4015814839409,0.0329 EOS,0.0004015814 DMD
myeosbank123,7081234792,2.1473118408456098e-05,6735108,82155590174,0.0006 EOS,0.0000082155 DMD
zhuyanrong12,157207245210,0.0004767148513244105,149523043,1823898569851,0.0149 EOS,0.0001823898 DMD
33333ok33333,143941941038,0.000436489176625508,136906139,1669996189108,0.0136 EOS,0.0001669996 DMD
geytomrsgmge,4622599598,1.4017559287100046e-05,4396649,53630815707,0.0004 EOS,0.0000053630 DMD
jimmymorison,3630195794,1.1008196510939996e-05,3452753,42117072327,0.0003 EOS,0.0000042117 DMD
wangmingwang,181075501656,0.0005490928915847585,172224632,2100815061446,0.0172 EOS,0.0002100815 DMD
wyj111111.tp,65619352608,0.00019898395828220358,62411915,761307427125,0.0062 EOS,0.0000761307 DMD
hlec3qjo5cbo,7276257952,2.2064506143798864e-05,6920598,84418224203,0.0006 EOS,0.0000084418 DMD
lvbesteos333,514806,1.5610964076311128e-09,489,5972714,0.0000 EOS,0.0000000005 DMD
namxqafb4btt,390057163236,0.0011828083516868533,370991387,4525393859782,0.0370 EOS,0.0004525393 DMD
ozrvinzilofl,36545158346,0.00011081944540322137,34758851,423992303619,0.0034 EOS,0.0000423992 DMD
11.bank,127374636000,0.00038625052288225197,121148635,1477784412070,0.0121 EOS,0.0001477784 DMD
bryanchoesen,156752656434,0.0004753363574739833,149090674,1818624488385,0.0149 EOS,0.0001818624 DMD
chen52jiajin,164940989786,0.0005001666387455559,156878766,1913624495988,0.0156 EOS,0.0001913624 DMD
gu3tambqgqge,68355516866,0.00020728109583276135,65014337,793052058681,0.0065 EOS,0.0000793052 DMD
qinjinliang2,1151501488642,0.00349181019121942,1095216741,13359574589015,0.1095 EOS,0.0013359574 DMD
serendipity4,158976868218,0.00048208105164190905,151206168,1844429512106,0.0151 EOS,0.0001844429 DMD
youyou.x,264006861722,0.0008005737373382948,251102354,3062974208870,0.0251 EOS,0.0003062974 DMD
odadingolehh,323322888,9.804435048575904e-07,307519,3751151241,0.0000 EOS,0.0000003751 DMD
innohyun1eos,2625793766276,0.007962450351615236,2497446440,30464127074039,0.2497 EOS,0.0030464127 DMD
investiqibwt,7386263500,2.2398086688319115e-05,7025227,85694494653,0.0007 EOS,0.0000085694 DMD
mxt123123123,13981521378,4.239752993635157e-05,13298112,162211842155,0.0013 EOS,0.0000162211 DMD
zengzhiwei22,8270681189876,0.025079992646118425,7866414933,95955396799721,0.7866 EOS,0.0095955396 DMD
buildmydream,290978481462,0.0008823624085738794,276755616,3375895528779,0.0276 EOS,0.0003375895 DMD
cn5zdfx3mlxi,41665989468,0.00012634784069900232,39629379,483403538435,0.0039 EOS,0.0000483403 DMD
fedeoskassad,371561344662,0.0011267216783923148,353399634,4310807712685,0.0353 EOS,0.0004310807 DMD
gezdqojug4ge,142224874194,0.00043128234748631593,135273002,1650074996819,0.0135 EOS,0.0001650074 DMD
zztaoyong.tp,543338602,1.6476185975095686e-06,516780,6303745719,0.0000 EOS,0.0000006303 DMD
aaaaa1112221,2643473524,8.0160624040597e-06,2514262,30669245386,0.0002 EOS,0.0000030669 DMD
eoskidultlab,103377695286,0.00031348226077426917,98324651,1199374941879,0.0098 EOS,0.0001199374 DMD
hejjooneosvc,94141828352,0.00028547544132766917,89540228,1092221582186,0.0089 EOS,0.0001092221 DMD
wangsanshui2,7062242256,2.1415525490499812e-05,6717043,81935241174,0.0006 EOS,0.0000081935 DMD
richdongdong,89515111326,0.00027144539636235346,85139662,1038542996600,0.0085 EOS,0.0001038542 DMD
sleepingnoon,801972399754,0.0024318990693101327,762772438,9304382320408,0.0762 EOS,0.0009304382 DMD
wll22galahad,540048726,1.637642385878096e-06,513651,6265576994,0.0000 EOS,0.0000006265 DMD
yukaishan123,277301560814,0.00084088854911799,263747216,3217217625757,0.0263 EOS,0.0003217217 DMD
eadluitherna,14733829304,4.467882658151696e-05,14013647,170940023534,0.0014 EOS,0.0000170940 DMD
eostradesman,2783044421048,0.008439296837985267,2647010771,32288529276137,0.2647 EOS,0.0032288529 DMD
fqhzmseosqbo,717322778,2.175207771175492e-06,682260,8322288118,0.0000 EOS,0.0000008322 DMD
ieosblochain,2542855553618,0.007710948726079114,2418562200,29501888423708,0.2418 EOS,0.0029501888 DMD
111eosxhm111,2645361283856,0.008021786842255199,2516057508,30691146937417,0.2516 EOS,0.0030691146 DMD
comeonbaby23,44299291804,0.00013433306001838907,42133967,513954778985,0.0042 EOS,0.0000513954 DMD
ge3dknbsg4ge,55144630826,0.0001672204385392022,52449192,639781030220,0.0052 EOS,0.0000639781 DMD
ge2tqmrrgige,17042621038,5.1680000775127385e-05,16209587,197726333135,0.0016 EOS,0.0000197726 DMD
icenine22.tp,3589966749,1.0886206056998257e-05,3414491,41650340037,0.0003 EOS,0.0000041650 DMD
gy2dkmrvhege,564323078220,0.0017112518699326999,536739282,6547204958174,0.0536 EOS,0.0006547204 DMD
tlsodo123123,1272194044,3.857797989724475e-06,1210009,14759834346,0.0001 EOS,0.0000014759 DMD
cinimodbbb2u,19503238,5.914156940473617e-08,18549,226274099,0.0000 EOS,0.0000000226 DMD
eosisrealbtc,83841618926,0.00025424111241002497,79743487,972719855557,0.0079 EOS,0.0000972719 DMD
eosotcotc111,2915614192,8.84130107490878e-06,2773100,33826586986,0.0002 EOS,0.0000033826 DMD
fortunately1,540766460340,0.0016398188416688357,514334099,6273904057796,0.0514 EOS,0.0006273904 DMD
kakaxisai.tp,42532628392,0.00012897583437228833,40453657,493458173588,0.0040 EOS,0.0000493458 DMD
langchao1.tp,60646581538,0.00018390453991227603,57682210,703613966301,0.0057 EOS,0.0000703613 DMD
tony11lynx11,29306625386,8.886933642940326e-05,27874133,340011760000,0.0027 EOS,0.0000340011 DMD
wenquanijl12,6023159836,1.826461459766903e-05,5728751,69879938397,0.0005 EOS,0.0000069879 DMD
11ugixfff.tp,128441927922,0.00038948697619734136,122163758,1490166997920,0.0122 EOS,0.0001490166 DMD
bizhuan11233,10004816630,3.0338580552870432e-05,9515786,116074616781,0.0009 EOS,0.0000116074 DMD
eosxx11xxeos,436623250686,0.0013240152370682032,415281351,5065647715068,0.0415 EOS,0.0005065647 DMD
epgjb5mgyq4i,798426601988,0.0024211468011650665,759399957,9263244423324,0.0759 EOS,0.0009263244 DMD
huiw11223344,270396536146,0.0008199497698422647,257179705,3137106403148,0.0257 EOS,0.0003137106 DMD
huyuepeng123,120534319646,0.0003655079649336466,114642669,1398423927133,0.0114 EOS,0.0001398423 DMD
kylehongmoac,608296062,1.8445954343274022e-06,578562,7057373952,0.0000 EOS,0.0000007057 DMD
wangzeyua.tp,117640221760,0.0003567319098504358,111890033,1364846969607,0.0111 EOS,0.0001364846 DMD
cassiecheng1,3170574661546,0.009614442555575677,3015598750,36784606098007,0.3015 EOS,0.0036784606 DMD
dneldnel1111,4925493385674,0.01493605363998572,4684738032,57144951111800,0.4684 EOS,0.0057144951 DMD
gi4tonbqgmge,77332376680,0.0002345025027461297,73552413,897200450535,0.0073 EOS,0.0000897200 DMD
hanshuxia123,13479229400,4.087438101726802e-05,12820372,156384314174,0.0012 EOS,0.0000156384 DMD
yyooww155115,11659701560752,0.035356849416170025,11089781889,135274382380716,1.1089 EOS,0.0135274382 DMD
alibabaly123,264432855430,0.0008018655195771036,251507525,3067916533976,0.0251 EOS,0.0003067916 DMD
gu3tonrwgege,1623295168040,0.004922476147038278,1543949410,18833265168413,0.1543 EOS,0.0018833265 DMD
viresinnumer,95425922112,0.00028936932398598614,90761556,1107119475533,0.0090 EOS,0.0001107119 DMD
yangnanjun22,557553566,1.690724018260309e-06,530300,6468665933,0.0000 EOS,0.0000006468 DMD
aimtftw12345,6599901867276,0.02001352566932483,6277302366,76571226477559,0.6277 EOS,0.0076571226 DMD
blancamartin,115741035652,0.00035097282271737655,110083678,1342812852657,0.0110 EOS,0.0001342812 DMD
qyl121212333,55007268092,0.00016680390013329826,52318543,638187365158,0.0052 EOS,0.0000638187 DMD
shoshoona111,439128530881,0.0013316122423721894,417664174,5094713658935,0.0417 EOS,0.0005094713 DMD
worangnil.tp,174154358606,0.000528105234968371,165641791,2020516835408,0.0165 EOS,0.0002020516 DMD
dtest2111111,22306824,6.764315647459332e-08,21216,258800949,0.0000 EOS,0.0000000258 DMD
focusandview,3032564904,9.195942117113224e-06,2884334,35183434351,0.0002 EOS,0.0000035183 DMD
heztsnygenes,945333787532,0.0028666277777036763,899126402,10967643004043,0.0899 EOS,0.0010967643 DMD
q1q1q1q1q1q1,256424406926,0.0007775807206619916,243890525,2975003527621,0.0243 EOS,0.0002975003 DMD
yangxiang.tp,16659960784,5.0519622792231674e-05,15845631,193286757281,0.0015 EOS,0.0000193286 DMD
2ugbcwn1t.tp,161072530,4.884359311100777e-07,153199,1868743114,0.0000 EOS,0.0000001868 DMD
flybottle123,871894404698,0.0026439303796142923,829276695,10115608575586,0.0829 EOS,0.0010115608 DMD
m55ejqtex4sa,691654426,2.0973711257265055e-06,657846,8024487145,0.0000 EOS,0.0000008024 DMD
ph1oqg4jk1di,213718394458,0.000648079116857754,203271959,2479533773919,0.0203 EOS,0.0002479533 DMD
hxxeoswallet,178681168388,0.0005418323214605828,169947333,2073036309789,0.0169 EOS,0.0002073036 DMD
liyuxuan1135,29374242318,8.907437784236317e-05,27938445,340796243091,0.0027 EOS,0.0000340796 DMD
timesonmysid,1159575487674,0.003516293765389248,1102896088,13453248104302,0.1102 EOS,0.0013453248 DMD
shinyya12.tp,273596774400,0.0008296541642003007,260223517,3174235162493,0.0260 EOS,0.0003174235 DMD
12345ssdlhxx,5033274776,1.5262889654421073e-05,4787251,58395417166,0.0004 EOS,0.0000058395 DMD
g43deojqguge,1495137345,4.533850689763949e-06,1422055,17346394319,0.0001 EOS,0.0000017346 DMD
go12xytiussn,2864452271456,0.008686157796919117,2724439451,33233012857257,0.2724 EOS,0.0033233012 DMD
gotoswimming,7566367585252,0.022944233859266198,7196527782,87784039465108,0.7196 EOS,0.0087784039 DMD
gaulleeos123,190366370678,0.0005772664992233941,181061369,2208606548405,0.0181 EOS,0.0002208606 DMD
jiaxueyifang,310041043284,0.0009401676726550482,294886411,3597056959338,0.0294 EOS,0.0003597056 DMD
qjyailcm1314,122821791538,0.0003724444888924939,116818331,1424962886625,0.0116 EOS,0.0001424962 DMD
qinhuang5211,107166014784,0.0003249699512038421,101927800,1243326545415,0.0101 EOS,0.0001243326 DMD
tiramisu1111,38809106958,0.0001176846374275075,36912139,450258348992,0.0036 EOS,0.0000450258 DMD
woilsy123123,3561733009894,0.010800590138200943,3387637498,41322775768142,0.3387 EOS,0.0041322775 DMD
zhbjmswboeos,34480120536,0.00010455742999001053,32794751,400033996206,0.0032 EOS,0.0000400033 DMD
chinaer1o.tp,7889505342,2.3924115972585156e-05,7503870,91533042837,0.0007 EOS,0.0000091533 DMD
linshan1min2,309778803118,0.0009393724562413327,294636989,3594014482110,0.0294 EOS,0.0003594014 DMD
oneaaaaaaeos,446463909480,0.0013538560258158808,424641004,5179817793406,0.0424 EOS,0.0005179817 DMD
qfytqzp3enwy,83311556862,0.00025263375355264584,79239334,966570142551,0.0079 EOS,0.0000966570 DMD
sonnimsonnim,581233815696,0.0017625319473291879,552823432,6743401194909,0.0552 EOS,0.0006743401 DMD
eoskekoukele,1175698412460,0.003565184881584341,1118230933,13640304237877,0.1118 EOS,0.0013640304 DMD
ez2eosfamily,2019845713620,0.00612497501486246,1921116788,23433994428641,0.1921 EOS,0.0023433994 DMD
haztimagenes,84208106948,0.00025535244975765503,80092061,976971803222,0.0080 EOS,0.0000976971 DMD
lukykazan123,4752066832076,0.014410155399076169,4519788471,55132878178016,0.4519 EOS,0.0055132878 DMD
wyl111111wei,965299304,2.9271711591613413e-06,918116,11199280400,0.0000 EOS,0.0000011199 DMD
chenghao5555,2188150894560,0.006635343218323838,2081195306,25386649844777,0.2081 EOS,0.0025386649 DMD
hedongyufund,98002916734,0.0002971837959363692,93212589,1137017441108,0.0093 EOS,0.0001137017 DMD
hekey5134qih,112285267906,0.00034049356137642856,106796827,1302719472474,0.0106 EOS,0.0001302719 DMD
jablanjablan,543476927572,0.0016480380556229796,516912080,6305350555707,0.0516 EOS,0.0006305350 DMD
zvpxvbjbkznd,38322532,1.1620914875997632e-07,36449,444613167,0.0000 EOS,0.0000000444 DMD
eosbetterone,40335790971,0.0001223141501532375,38364200,467970743762,0.0038 EOS,0.0000467970 DMD
bolang123123,138636089050,0.00042039972452532034,131859634,1608438365613,0.0131 EOS,0.0001608438 DMD
eosgaulle123,286410295494,0.0008685098530402693,272410720,3322896013123,0.0272 EOS,0.0003322896 DMD
gj3hsfo41tsp,3882555562,1.1773451630840348e-05,3692778,45044918428,0.0003 EOS,0.0000045044 DMD
hosageosbitp,336182157450,0.001019437920896167,319749762,3900342858649,0.0319 EOS,0.0003900342 DMD
waitwaitgogo,5185170106430,0.015723496668850222,4931721900,60157687573011,0.4931 EOS,0.0060157687 DMD
issssssssssi,446780830392,0.0013548170559849666,424942434,5183494669731,0.0424 EOS,0.0005183494 DMD
ah22221111ah,96392218,2.922995171839394e-07,91680,1118330318,0.0000 EOS,0.0000001118 DMD
cryptoquants,124477814740,0.00037746620944663654,118393408,1444175858302,0.0118 EOS,0.0001444175 DMD
dcjhotmykey2,147908607428,0.00044851768571767096,140678917,1716016950722,0.0140 EOS,0.0001716016 DMD
marekvrba111,6915295134,2.09699234107534e-05,6577279,80230379256,0.0006 EOS,0.0000080230 DMD
